 ,Area,StdDev,Major,Minor,Angle,Circ.,Skew,Kurt,AR,Round,Solidity
1,137886,0,433.440907,405.042314,88.370371,0.786282,NaN,NaN,1.070113,0.934481,0.998808
2,137899,0,433.430898,405.089856,88.663949,0.784860,NaN,NaN,1.069962,0.934612,0.997818
