 ,Area,StdDev,Major,Minor,Angle,Circ.,Skew,Kurt,AR,Round,Solidity
1,128936,0,415.811157,394.810027,135.979900,0.780616,NaN,NaN,1.053193,0.949494,0.992751
2,128917,0,415.758275,394.802057,136.148322,0.781400,NaN,NaN,1.053080,0.949595,0.992750
