 ,Area,StdDev,Major,Minor,Angle,Circ.,Skew,Kurt,AR,Round,Solidity
1,100061,0,371.502173,342.936411,136.558976,0.781252,NaN,NaN,1.083298,0.923107,0.991827
