 ,Area,StdDev,Major,Minor,Angle,Circ.,Skew,Kurt,AR,Round,Solidity
1,99900,0,371.235545,342.630527,1.067566,0.785869,NaN,NaN,1.083486,0.922946,0.997798
2,99902,0,371.231470,342.641148,1.091334,0.785885,NaN,NaN,1.083441,0.922985,0.997818
3,99903,0,371.188729,342.684032,1.024108,0.785893,NaN,NaN,1.083181,0.923207,0.997867
4,99918,0,371.277311,342.653712,1.254449,0.785283,NaN,NaN,1.083535,0.922905,0.997868
