 ,Area,StdDev,Major,Minor,Angle,Circ.,Skew,Kurt,AR,Round,Solidity
1,25805,0,195.371854,168.171340,89.495202,0.784144,NaN,NaN,1.161743,0.860776,0.997661
2,25793,0,195.429633,168.043438,89.797219,0.786643,NaN,NaN,1.162971,0.859867,0.997428
3,25659,0,195.701718,166.938001,88.832794,0.786016,NaN,NaN,1.172302,0.853023,0.998191
4,25658,0,195.727023,166.909912,88.680576,0.785985,NaN,NaN,1.172651,0.852769,0.998172
5,25791,0,195.280121,168.159057,89.721337,0.785148,NaN,NaN,1.161282,0.861117,0.997390
6,25604,0,195.209596,167.000117,90.000000,0.786364,NaN,NaN,1.168919,0.855491,1
7,25604,0,195.209596,167.000117,90.000000,0.786364,NaN,NaN,1.168919,0.855491,1
8,25604,0,195.209596,167.000117,90.000000,0.786364,NaN,NaN,1.168919,0.855491,1
