 ,Area,StdDev,Major,Minor,Angle,Circ.,Skew,Kurt,AR,Round,Solidity
1,25761,0,195.635013,167.658761,36.504591,0.716584,NaN,NaN,1.166864,0.856998,0.983676
2,25763,0,195.647722,167.660886,36.485069,0.716640,NaN,NaN,1.166925,0.856953,0.983696
3,25766,0,195.661212,167.668849,36.489707,0.716723,NaN,NaN,1.166950,0.856935,0.983717
4,25762,0,195.642826,167.658574,36.521644,0.714849,NaN,NaN,1.166912,0.856963,0.983639
5,25764,0,195.625583,167.686369,36.428436,0.718438,NaN,NaN,1.166616,0.857180,0.983772
6,25760,0,195.659035,167.631669,36.453865,0.716556,NaN,NaN,1.167196,0.856754,0.983675
7,25764,0,195.642780,167.671629,36.409844,0.716668,NaN,NaN,1.166821,0.857029,0.983715
