 ,Area,StdDev,Major,Minor,Angle,Circ.,Skew,Kurt,AR,Round,Solidity
1,20157,0,227.818766,112.653975,0.188001,0.701107,NaN,NaN,2.022288,0.494489,0.998935
2,23776,0,269.922277,112.152816,0.312529,0.652878,NaN,NaN,2.406737,0.415500,0.992424
3,20156,0,227.818806,112.648366,0.191176,0.701072,NaN,NaN,2.022389,0.494465,0.998910
4,23875,0,271.046755,112.152584,0.308550,0.652864,NaN,NaN,2.416768,0.413776,0.992414
