 ,Area,StdDev,Major,Minor,Angle,Circ.,Skew,Kurt,AR,Round,Solidity
1,50975,0,402.890890,161.094200,131.089621,0.550888,NaN,NaN,2.500965,0.399846,0.991076
2,55485,0,407.031984,173.563009,132.665673,0.565563,NaN,NaN,2.345154,0.426411,0.991822
