 ,Area,StdDev,Major,Minor,Angle,Circ.,Skew,Kurt,AR,Round,Solidity
1,124474,0,503.055531,315.045178,134.292527,0.737486,NaN,NaN,1.596773,0.626263,0.992382
