 ,Area,StdDev,Major,Minor,Angle,Circ.,Skew,Kurt,AR,Round,Solidity
1,7582,0,171.367298,56.333398,0.130748,0.592313,NaN,NaN,3.042020,0.328729,0.998814
2,9326,0,213.603454,55.590075,0.269327,0.516186,NaN,NaN,3.842475,0.260249,0.983496
3,7581,0,171.362846,56.327432,0.137029,0.592234,NaN,NaN,3.042263,0.328703,0.998748
4,9375,0,214.727071,55.589734,0.265710,0.515832,NaN,NaN,3.862711,0.258886,0.983478
