 ,Area,StdDev,Major,Minor,Angle,Circ.,Skew,Kurt,AR,Round,Solidity
1,37346,0,335.722294,141.636123,177.481273,0.483830,NaN,NaN,2.370315,0.421885,0.984694
2,36762,0,335.367505,139.568776,175.267004,0.480968,NaN,NaN,2.402883,0.416167,0.984639
