 ,Area,StdDev,Major,Minor,Angle,Circ.,Skew,Kurt,AR,Round,Solidity
1,36106,0,333.761426,137.737867,48.184221,0.559645,NaN,NaN,2.423164,0.412684,0.989707
2,31721,0,329.345123,122.632548,50.278309,0.533483,NaN,NaN,2.685626,0.372353,0.988301
3,28000,0,326.253509,109.273023,51.803411,0.507805,NaN,NaN,2.985673,0.334933,0.986802
