 ,Area,StdDev,Major,Minor,Angle,Circ.,Skew,Kurt,AR,Round,Solidity
1,3736,0,74.658600,63.714333,56.152060,0.715438,NaN,NaN,1.171771,0.853409,0.956355
2,31889,0,274.462737,147.933874,28.900218,0.526338,NaN,NaN,1.855307,0.538994,0.959775
3,8864,0,176.641859,63.891964,51.840660,0.401551,NaN,NaN,2.764696,0.361703,0.947009
4,291,0,23.321841,15.886941,40.005208,0.598232,NaN,NaN,1.467988,0.681204,0.898148
5,2220,0,85.305909,33.134771,36.122535,0.417186,NaN,NaN,2.574513,0.388423,0.938689
6,14692,0,213.995834,87.414951,27.945502,0.424308,NaN,NaN,2.448046,0.408489,0.972336
7,25645,0,221.496191,147.416658,48.978513,0.711120,NaN,NaN,1.502518,0.665549,0.984415
8,10,0,4.979300,2.557065,68.507299,0.735509,NaN,NaN,1.947271,0.513539,0.833333
