 ,Area,StdDev,Major,Minor,Angle,Circ.,Skew,Kurt,AR,Round,Solidity
1,63020,0,371.472710,216.003905,125.398165,0.619803,NaN,NaN,1.719750,0.581480,0.911530
2,9974,0,150.006680,84.658171,37.779151,0.546764,NaN,NaN,1.771910,0.564363,0.937010
3,2986,0,106.294307,35.767610,145.438041,0.395057,NaN,NaN,2.971803,0.336496,0.897910
