 ,Area,StdDev,Major,Minor,Angle,Circ.,Skew,Kurt,AR,Round,Solidity
1,58918,0,544.185256,137.851452,111.180776,0.248316,NaN,NaN,3.947621,0.253317,0.563844
