 ,Area,StdDev,Major,Minor,Angle,Circ.,Skew,Kurt,AR,Round,Solidity
1,293,0,23.679905,15.754252,86.294505,0.554357,NaN,NaN,1.503080,0.665300,0.882530
2,25649,0,221.510826,147.429910,94.452626,0.718790,NaN,NaN,1.502482,0.665565,0.983738
3,31867,0,274.508015,147.807431,74.372164,0.520268,NaN,NaN,1.857200,0.538445,0.960211
4,2216,0,85.186911,33.121272,81.556094,0.410514,NaN,NaN,2.571970,0.388807,0.938784
5,27293,0,335.094165,103.703766,78.769041,0.453115,NaN,NaN,3.231263,0.309476,0.977158
6,14698,0,214.012784,87.443724,73.448507,0.420438,NaN,NaN,2.447434,0.408591,0.974442
7,12,0,6.021602,2.537344,109.997506,0.503050,NaN,NaN,2.373191,0.421374,0.685714
8,5350,0,173.754712,39.203723,64.681551,0.321963,NaN,NaN,4.432097,0.225627,0.952890
