 ,Area,StdDev,Major,Minor,Angle,Circ.,Skew,Kurt,AR,Round,Solidity
1,20895,0,244.104590,108.987464,51.468916,0.399441,NaN,NaN,2.239749,0.446479,0.781092
2,10079,0,232.039624,55.305129,25.995880,0.327229,NaN,NaN,4.195626,0.238343,0.812560
3,9698,0,257.962670,47.866915,19.594312,0.224952,NaN,NaN,5.389164,0.185558,0.879478
4,2441,0,58.916987,52.751810,120.672418,0.712851,NaN,NaN,1.116871,0.895358,0.934712
5,2557,0,72.615807,44.834226,135.923453,0.652428,NaN,NaN,1.619651,0.617417,0.954461
6,4146,0,176.493086,29.909677,17.444749,0.266452,NaN,NaN,5.900869,0.169467,0.930953
7,2384,0,72.940564,41.614747,12.268778,0.680357,NaN,NaN,1.752758,0.570530,0.959936
8,3234,0,148.650299,27.700292,20.932716,0.265992,NaN,NaN,5.366380,0.186345,0.932123
9,22159,0,213.500288,132.148370,82.248875,0.718631,NaN,NaN,1.615610,0.618961,0.974557
