 ,Area,StdDev,Major,Minor,Angle,Circ.,Skew,Kurt,AR,Round,Solidity
1,103954,0,547.999220,241.530168,140.877460,0.232992,NaN,NaN,2.268864,0.440749,0.481059
2,20759,0,251.752478,104.988757,169.142797,0.491721,NaN,NaN,2.397899,0.417032,0.891269
3,14496,0,191.202793,96.530391,176.637396,0.408921,NaN,NaN,1.980752,0.504859,0.728314
