 ,Area,StdDev,Major,Minor,Angle,Circ.,Skew,Kurt,AR,Round,Solidity
1,7466,0,124.496723,76.355475,50.478700,0.260456,NaN,NaN,1.630488,0.613313,0.505553
