 ,Area,StdDev,Major,Minor,Angle,Circ.,Skew,Kurt,AR,Round,Solidity
1,130285,0,561.066207,295.658537,81.210172,0.454043,NaN,NaN,1.897683,0.526958,0.847925
